Twitter Users,Followers,Twitter_Handle,Rank
KATY PERRY,67046274,katyperry,1
Justin Bieber,61687035,justinbieber,2
Barack Obama,56773554,BarackObama,3
Taylor Swift,54704808,taylorswift13,4
YouTube,49502030,YouTube,5
Lady Gaga,45053189,ladygaga,6
Justin Timberlake,42996137,jtimberlake,7
Rihanna,41977201,rihanna,8
Britney Spears,41198461,britneyspears,9
Ellen DeGeneres,40752999,TheEllenShow,10
Instagram,37920744,instagram,11
Twitter,36145031,twitter,12
Cristiano Ronaldo,34176997,Cristiano,13
Jennifer Lopez,31315967,JLo,14
Kim Kardashian West,29988217,KimKardashian,15
Shakira,29738075,shakira,16
Selena Gomez,27659401,selenagomez,17
Demi Lovato,27463542,ddlovato,18
Oprah Winfrey,26913448,Oprah,19
Ariana Grande,26681666,ArianaGrande,20
P!nk,26028805,Pink,21
CNN Breaking News,24982296,cnnbrk,22
Harry Styles.,23936597,Harry_Styles,23
One Direction,22804410,onedirection,24
jimmy fallon,22758509,jimmyfallon,25
Kaka,22299307,KAKA,26
Adele,22239151,OfficialAdele,27
Lil Wayne WEEZY F,22000499,LilTunechi,28
Niall Horan,21671065,NiallOfficial,29
Drizzy,21507044,Drake,30
Alicia Keys,21292699,aliciakeys,31
Bill Gates,20696107,BillGates,32
Bruno Mars,20254271,BrunoMars,33
Pitbull,19641132,pitbull,34
LeBron James,19592730,KingJames,35
Liam,19557472,Real_Liam_Payne,36
Miley Ray Cyrus,19299779,MileyCyrus,37
Marshall Mathers,19208656,Eminem,38
NICKI MINAJ,19030821,NICKIMINAJ,39
Louis Tomlinson,18830718,Louis_Tomlinson,40
Cameron,18549271,wizkhalifa,41
Avril Lavigne,18260248,AvrilLavigne,42
Kevin Hart,17524615,KevinHart4real,43
Neymar Jr,17320526,neymarjr,44
ESPN,17267737,espn,45
David Guetta,17014877,davidguetta,46
Emma Watson,16932864,EmWatson,47
ashton kutcher,16746140,aplusk,48
CNN,16214218,CNN,49
The New York Times,15722648,nytimes,50
daniel tosh,15552727,danieltosh,51
Conan O'Brien,15426235,ConanOBrien,52
Mariah Carey,15390485,MariahCarey,53
SportsCenter,15352150,SportsCenter,54
Real Madrid C.F.-Spanish,15138819,realmadrid,55
Neil Patrick Harris,14593934,ActuallyNPH,56
FC Barcelona,14395050,FCBarcelona,57
Christina Aguilera,14357546,xtina,58
Coldplay,14247413,coldplay,59
zaynmalik1D,14152841,zaynmalik,60
Twitter en español,14151195,twitter_es,61
Chris Brown,14100011,chrisbrown,62
Jim Carrey,13991970,JimCarrey,63
BBC Breaking News,13973718,BBCBreaking,64
Beyoncé Knowles,13942699,Beyonce,65
Facebook,13906228,facebook,66
Kourtney Kardashian,13825776,kourtneykardash,67
Amitabh Bachchan,13644427,SrBachchan,68
Khloé,13456503,khloekardashian,69
NBA,13447039,NBA,70
Ryan Seacrest,13292607,RyanSeacrest,71
Vine,13218559,vine,72
Paris Hilton,13201693,ParisHilton,73
will.i.am,12991874,iamwill,74
Ed Sheeran,12846093,edsheeran,75
AshleyTisdaleFrench,12726197,ashleytisdale,76
AGNEZ MO,12608820,agnezmo,77
Ivete Sangalo,12391014,ivetesangalo,78
Leonardo DiCaprio,12353092,LeoDiCaprio,79
Tyra Banks,12293425,tyrabanks,80
UberSocial,12246144,UberSoc,81
Alejandro Sanz,12184088,AlejandroSanz,82
MTV,12079397,MTV,83
Snoop Dogg,12000552,SnoopDogg,84
Ricky Martin,11825710,ricky_martin,85
Ronaldinho Gaúcho,11768376,10Ronaldinho,86
Shah Rukh Khan,11744828,iamsrk,87
KANYE WEST,11617058,kanyewest,88
Aamir Khan,11602533,aamir_khan,89
Simon Cowell,11575179,SimonCowell,90
Charlie Sheen,11435216,charliesheen,91
د. محمد العريفي,11416405,MohamadAlarefe,92
Blake Shelton,11100699,blakeshelton,93
Salman Khan,10969779,BeingSalmanKhan,94
Wayne Rooney,10882313,WayneRooney,95
Narendra Modi,10858014,narendramodi,96
Claudia Leitte,10724842,ClaudiaLeitte,97
Carly Rae Jepsen,10699555,carlyraejepsen,98
Samsung Mobile,10569403,SamsungMobile,99
Dalai Lama,10553857,DalaiLama,100
Andrés Iniesta,10532628,andresiniesta8,101
Google,10472043,google,102
NFL,10452240,nfl,103
Zac Efron,10424289,ZacEfron,104
Diddy,10324190,iamdiddy,105
Luciano Huck,10301314,LucianoHuck,106
Maroon 5,10286908,maroon5,107
Gerard Piqué,10285706,3gerardpique,108
JUANES,10260693,juanes,109
Ludacris,10220787,Ludacris,110
Usher Raymond IV,10136191,Usher,111
Kelly Clarkson,10110622,kelly_clarkson,112
Marcos Mion,10061162,marcosmion,113
Kendall Jenner,10026422,KendallJenner,114
UberFacts,9949491,UberFacts,115
Paulo Coelho,9916356,paulocoelho,116
IG: Tweet_RAMALAN,9902171,TweetRAMALAN,117
Paulina Rubio,9895093,paurubio,118
PIKU,9879094,deepikapadukone,119
CNN en Español,9797995,CNNEE,120
raditya dika,9786020,radityadika,121
أحمد الشقيري,9650579,shugairi,122
detikcom,9559228,detikcom,123
Tom Hanks,9530143,tomhanks,124
SHAQ,9527635,SHAQ,125
Kevin Durant,9518921,KDTrey5,126
Sabrina Sato Rahal,9413620,SabrinaSatoReal,127
Danilo Gentili,9366733,DaniloGentili,128
Funny Or Die,9327754,funnyordie,129
Russell Brand,9280652,rustyrockets,130
Nick Jonas,9276922,nickjonas,131
BBC News (World),9225017,BBCWorld,132
NASA,9210092,NASA,133
Mesut Özil,9139407,MesutOzil1088,134
PRIYANKA,9080464,priyankachopra,135
Sherina Sinna,9071290,sherinasinna,136
Programa Pânico,9053347,programapanico,137
Stephen Fry,8995066,stephenfry,138
Xabi Alonso,8965051,XabiAlonso,139
luna maya,8909011,LunaMaya26,140
Victoria Justice,8873412,VictoriaJustice,141
Lindsay Lohan,8863799,lindsaylohan,142
Hrithik Roshan,8814904,iHrithik,143
Cem Yılmaz,8742387,CMYLMZ,144
TwitPic,8698843,TwitPic,145
Enrique Iglesias,8683608,enrique305,146
عائض القرني,8666224,Dr_alqarnee,147
Kylie Jenner,8618108,KylieJenner,148
LMFAO,8547609,LMFAO,149
National Geographic,8413203,NatGeo,150
Papa Francisco,8354255,Pontifex_es,151
Dwayne Johnson,8272766,TheRock,152
Sergio Kun Aguero,8256167,aguerosergiokun,153
Trey Songz,8245733,TreySongz,154
Victoria Beckham,8236949,victoriabeckham,155
Radamel Falcao,8165086,FALCAO,156
Austin Mahone,8120727,AustinMahone,157
Jessica Alba,8070442,jessicaalba,158
Anahi,8063983,Anahi,159
Globo,8048351,RedeGlobo,160
Premier League,8024274,premierleague,161
Daddy Yankee,8010128,daddy_yankee,162
Anne Curtis-Smith,7979729,annecurtissmith,163
Akshay Kumar,7814534,akshaykumar,164
FC Barcelona - Spanish,7806051,FCBarcelona_es,165
Champions League,7736705,ChampionsLeague,166
Vidi Aldiano,7687902,vidialdiano,167
Carles Puyol,7687657,Carles5puyol,168
The Economist,7683054,TheEconomist,169
afgansyah reza,7677994,afgansyah_reza,170
Cesc Fàbregas Soler,7669325,cesc4official,171
Rafa Nadal,7606886,RafaelNadal,172
jøe jønas,7591840,joejonas,173
Stephen Colbert,7569827,StephenAtHome,174
50cent,7550600,50cent,175
Sofia Vergara,7413622,SofiaVergara,176
Breaking News,7388167,BreakingNews,177
E! Online,7386153,eonline,178
Marc Anthony,7379616,MarcAnthony,179
Starbucks Coffee,7377500,Starbucks,180
Cody Simpson,7325635,CodySimpson,181
David Bisbal,7278074,davidbisbal,182
Android,7240201,Android,183
Ricky Gervais,7205478,rickygervais,184
Miranda Cosgrove,7197784,MirandaCosgrove,185
Eva Longoria,7193343,EvaLongoria,186
Jessica Simpson,7165818,JessicaSimpson,187
Fantástico,7119284,showdavida,188
The Onion,7108645,TheOnion,189
TIME.com,7107988,TIME,190
Luis Fonsi,7101908,LuisFonsi,191
العربية عاجل,7093178,AlArabiya_Brk,192
Roberto G. Bolaños,7069094,ChespiritoRGB,193
James Rodríguez,7023785,jamesdrodriguez,194
Nicole Polizzi,6996648,snooki,195
David Villa,6983208,Guaje7Villa,196
Channing Tatum,6972457,channingtatum,197
William Bonner,6964037,realwbonner,198
Robin van Persie,6963947,Persie_Official,199
Marcelo Tas,6955956,MarceloTas,200
John Cena,6935395,JohnCena,201
Cher Lloyd,6932052,CherLloyd,202
Jessie J,6928575,JessieJ,203
iTunes Music,6846196,iTunesMusic,204
Rafinha Bastos,6832422,rafinhabastos,205
Thalia,6830173,thalia,206
METRO TV,6788174,Metro_TV,207
CHANEL,6781170,CHANEL,208
Seth MacFarlane,6773134,SethMacFarlane,209
A.R.Rahman,6759146,arrahman,210
Legendários,6753725,Legendarios,211
S. B. Yudhoyono,6741958,SBYudhoyono,212
Twitter Music,6724190,TwitterMusic,213
Big Sean,6690422,BigSean,214
John Legend,6667102,johnlegend,215
Little Mix,6654866,LittleMix,216
Marco Luque,6652247,marcoluque,217
OMG Facts,6622890,OMGFacts,218
Hootsuite,6620692,hootsuite,219
NE-YO!!,6583127,NeYoCompound,220
Ricardo Montaner,6551591,montanertwiter,221
Queen Latifah,6541268,IAMQUEENLATIFAH,222
zooey deschanel,6470663,ZooeyDeschanel,223
David Luiz,6468579,DavidLuiz_4,224
Anderson Silva,6462117,SpiderAnderson,225
KELENDRIA ROWLAND,6442922,KELLYROWLAND,226
J. Cole,6411692,JColeNC,227
Gareth Bale,6394032,GarethBale11,228
مشاري راشد العفاس,6382878,mishari_alafasy,229
Eugenio Derbez,6336931,EugenioDerbez,230
Kobe Bryant,6328700,kobebryant,231
سلمان العودة,6268391,salman_alodah,232
Ciara,6235821,ciara,233
PlayStation,6234216,PlayStation,234
Olly Murs,6229177,ollyofficial,235
Abdullah Gül,6209958,cbabdullahgul,236
FIFA.com,6204589,FIFAcom,237
Carmelo Anthony,6201298,carmeloanthony,238
kata kata bijak,6197678,kata2bijak,239
Microsoft,6195977,Microsoft,240
Reuters Top News,6193982,Reuters,241
5 Seconds of Summer,6191506,5SOS,242
Jennette McCurdy,6137513,jennettemccurdy,243
Sarah Silverman,6135339,SarahKSilverman,244
Daniel Alves,6122618,DaniAlvesD2,245
Rio Ferdinand,6094599,rioferdy5,246
People magazine,6084325,people,247
Recep Tayyip Erdoğan,6062823,RT_Erdogan,248
Abhishek Bachchan,6054702,juniorbachchan,249
Wall Street Journal,5997352,WSJ,250
fearne cotton,5996706,Fearnecotton,251
shireen sungkar,5992809,shireensungkar,252
Victoria's Secret,5981000,VictoriasSecret,253
Virat Kohli,5961311,imVkohli,254
Sonam Kapoor,5956519,sonamakapoor,255
bella thorne,5948367,bellathorne,256
Nasehat Super,5939184,NasehatSuper,257
Cinema XXI,5934747,cinema21,258
Pharrell Williams,5927560,Pharrell,259
tvOneNews,5916660,tvOneNews,260
T-Raww,5858727,Tyga,261
Perez Hilton,5856871,PerezHilton,262
The White House,5855212,WhiteHouse,263
Angel Locsin,5854375,143redangel,264
Juan Luis Guerra,5821819,JuanLuisGuerra,265
#106andPark,5787129,106andpark,266
Dwight Howard,5776494,DwightHoward,267
T.I.,5760801,Tip,268
AKON,5754410,Akon,269
نبيل علي العوضي,5749723,NabilAlawadhy,270
Dulce Maria,5743552,DulceMaria,271
Jason Mraz,5729394,jason_mraz,272
Pope Francis,5726511,Pontifex,273
CHAYANNE,5715699,CHAYANNEMUSIC,274
Chelsea Handler,5712505,chelseahandler,275
OneLouder Apps,5696845,OneLouderApps,276
Ricardo Arjona ®,5687411,Ricardo_Arjona,277
Anderson Cooper,5687387,andersoncooper,278
Karan Johar,5678663,karanjohar,279
Steve Martin,5671212,SteveMartinToGo,280
FLO RIDA,5669549,official_flo,281
WEREVERTUMORRO,5666526,werevertumorro,282
ian somerhalder,5657337,iansomerhalder,283
Ceará - Wellington,5651573,oceara,284
Dior,5629811,Dior,285
The X Factor,5628885,TheXFactor,286
Floyd Mayweather,5595023,FloydMayweather,287
Shahid Kapoor,5581730,shahidkapoor,288
Calvin Harris,5581377,CalvinHarris,289
Nancy Ajram,5579043,NancyAjram,290
Vogue Magazine,5566662,voguemagazine,291
Raffi Ahmad,5558174,RaffiAhmadLagi,292
Jaden Smith,5546155,officialjaden,293
Holly Willoughby,5544255,hollywills,294
pepatah,5543294,pepatah,295
marcelo tinelli,5531620,cuervotinelli,296
Tata werneck,5528333,Tatawerneck,297
Felix Kjellberg,5525963,pewdiepie,298
Arsenal FC,5524269,Arsenal,299
Rodrigo Scarpa,5524163,rodrigovesgo,300
Luke Hemmings,5521916,Luke5SOS,301
Jessica Iskandar,5515029,jess_iskandar,302
Residente C13/ RC13,5508239,Calle13Oficial,303
Elissa,5505899,elissakh,304
Adam Levine,5492194,adamlevine,305
Huffington Post,5460706,HuffingtonPost,306
ROBERT KARDASHIAN,5455843,robkardashian,307
sachin tendulkar,5432385,sachin_rt,308
Pegg News,5421211,simonpegg,309
Nina Dobrev,5415801,ninadobrev,310
Aziz Ansari,5415230,azizansari,311
Galilea Montijo,5403201,GalileaMontijo,312
Michelle Obama,5392225,MichelleObama,313
PMO India,5357985,PMOIndia,314
Cheryl,5353041,CherylOfficial,315
Gonzalo Higuaín,5352802,G_Higuain,316
Chelsea FC,5344217,ChelseaFC,317
Demi Moore,5316289,justdemi,318
Common White Girl [1],5311534,girlposts,319
قناة العربية,5309935,AlArabiya,320
Sergio Ramos,5305776,SergioRamos,321
MUY Interesante,5303557,muyinteresante,322
Samsung Mobile US,5302284,SamsungMobileUS,323
The Notebook [2],5271896,Notebook,324
The Black Eyed Peas,5268828,bep,325
German Garmendia,5264301,GermanGarmendia,326
Luan Santana,5261644,luansantana,327
Zendaya,5260251,Zendaya,328
Omar Chaparro,5238960,OMARCHAPARRO,329
Noticias Caracol,5237336,NoticiasCaracol,330
Mary J. Blige,5220800,maryjblige,331
atademirer,5220081,atademirer,332
Ana Hickmann,5217321,ahickmann,333
Lana Del Rey,5212182,LanaDelRey,334
Nicole Scherzinger,5207672,NicoleScherzy,335
Claro Brasil,5201085,ClaroBrasil,336
Hugh Jackman,5187267,RealHughJackman,337
Richard Branson,5183359,richardbranson,338
Scott Disick,5181066,ScottDisick,339
twitcam,5175067,twitcam,340
VEJA,5174577,VEJA,341
Kris Jenner,5141137,KrisJenner,342
INDONESIAinLOVE,5131738,INDONESIAinLOVE,343
Twitter Media,5110532,twittermedia,344
Mashable,5096187,mashable,345
Henrique Capriles R.,5092386,hcapriles,346
Tom Cruise,5091897,TomCruise,347
G1,5081261,g1,348
WWE,5075044,WWE,349
Vanessa Hudgens,5072527,VanessaHudgens,350
Gusttavo Lima,5068117,Gusttavo_lima,351
Galatasaray SK,5066986,GalatasaraySK,352
Twitter Sports,5062485,TwitterSports,353
Noticias RCN,5061450,NoticiasRCN,354
Real Madrid C.F. - English,5060589,realmadriden,355
lily,5053019,lilyallen,356
Nick Cannon,5011144,NickCannon,357
Google Chrome,4997219,googlechrome,358
Windows,4982592,Windows,359
•Bambang Pamungkas•,4980756,bepe20s,360
Jimmy Kimmel,4980667,jimmykimmel,361
H&M,4978817,hm,362
jose marie viceral,4957732,vicegandako,363
Fox News,4956026,FoxNews,364
The Associated Press,4948647,AP,365
Chicharito Hernandez,4915516,CH14_,366
Common White Girl [2],4903392,girIpossts,367
Calum Hood,4886328,Calum5SOS,368
Sandy Leah,4880884,SandyLeah,369
Xbox,4880020,Xbox,370
Fabio Porchat,4878548,FabioPorchat,371
Jkcorden,4877572,JKCorden,372
Pitty,4869175,pittyleone,373
Farhan Akhtar,4842199,FarOutAkhtar,374
Lenny Kravitz,4833198,LennyKravitz,375
kevin jonas,4817630,kevinjonas,376
Jonas Enterprises,4814768,jonas_ent,377
Ben Stiller,4813034,RedHourBen,378
FC Barcelona- Catalan,4806975,FCBarcelona_cat,379
Serginho Groisman,4798245,oserginho,380
Fiuk,4783350,Fiuk,381
TechCrunch,4771094,TechCrunch,382
Jimmy Carr,4761705,jimmycarr,383
Nicole Richie,4753666,nicolerichie,384
Mac,4750186,MacMiller,385
Soulja Boy,4746858,souljaboy,386
Michael Clifford,4744935,Michael5SOS,387
Yoko Ono,4733127,yokoono,388
Javier Mascherano,4726102,Mascherano,389
صحيفة سبق,4724074,sabqorg,390
Samuel L. Jackson,4703744,SamuelLJackson,391
Jonah Hill,4691012,JonahHill,392
Demet Akalin Kurt,4690976,DemetAkalin,393
Jeremy Clarkson,4685470,JeremyClarkson,394
Hilary Duff,4678701,HilaryDuff,395
Nike,4677028,Nike,396
DWade,4676465,DwyaneWade,397
La Patilla,4665475,la_patilla,398
okan bayulgen,4658552,okanbayulgen,399
Carlos Loret de Mola,4657649,CarlosLoret,400
Forbes,4652916,Forbes,401
Miranda Lambert,4652347,mirandalambert,402
Joaquín López-Dóriga,4642774,lopezdoriga,403
Manchester United,4640070,ManUtd,404
Bridgit Mendler,4633751,bridgitmendler,405
IGGY AZALEA,4631360,IGGYAZALEA,406
Kendrick Lamar,4628165,kendricklamar,407
What The F*** Facts,4621443,WhatTheFFacts,408
Typical Girl [2],4610620,SoDamnTrue,409
SIWON CHOI,4607363,siwon407,410
Mike Tyson,4605389,MikeTyson,411
Serena Williams,4603924,serenawilliams,412
Google Play,4602340,GooglePlay,413
LINKIN PARK,4600104,linkinpark,414
Luis Suarez,4598891,LuisSuarez9,415
Ahlam - احلام,4595398,Ahlam_Alshamsi,416
Rouse Social me,4578240,llcoolj,417
TED Talks,4575167,TEDTalks,418
Lea Michele,4569533,msleamichele,419
Alan Carr,4565343,AlanCarr,420
Angelica Panganiban,4564023,IamAngelicaP,421
antanddec,4560293,antanddec,422
Ollaufar,4547293,olla_ramlan,423
Luisana Lopilato,4536677,lulopilato,424
Diego Forlan,4528242,DiegoForlan7,425
#20DaysOfDallas,4512018,camerondallas,426
NTV Spor,4499884,ntvspor,427
Juan Mata García,4495954,juanmata8,428
The New Yorker,4495922,NewYorker,429
Super Junior 이동해,4482482,donghae861015,430
Skype,4478093,Skype,431
Chetan Bhagat,4456374,chetan_bhagat,432
Gmail,4450983,gmail,433
قناة الجزيرة,4449431,AJArabic,434
Aluna Sagita Gutawa,4442970,gitagut,435
Irfan Bachdim,4432509,IrfanBachdim10,436
Jonathan Ross,4423504,wossy,437
BlackBerry,4416454,BlackBerry,438
David De Gea,4403495,D_DeGea,439
Rev Run,4392262,RevRunWisdom,440
Rita Ora,4383215,RitaOra,441
Carrie Underwood,4380502,carrieunderwood,442
Piers Morgan,4380397,piersmorgan,443
Rolling Stone,4348715,RollingStone,444
Ellie Goulding,4348158,elliegoulding,445
Nash Grier,4347924,Nashgrier,446
J.K. Rowling,4337858,jk_rowling,447
DJ Pauly D,4336464,DJPaulyD,448
Lucy Hale,4334186,lucyhale,449
MEERA,4328167,AnushkaSharma,450
gaby espino,4320646,gabyespino,451
Tiago Leifert,4309932,TiagoLeifert,452
KATH,4299296,bernardokath,453
MYX Philippines,4292810,MYXphilippines,454
Student Problems,4286003,FactsOfSchool,455
Tiger Woods,4265926,TigerWoods,456
Jamie Oliver,4260829,jamieoliver,457
LAMAR ODOM,4254179,RealLamarOdom,458
hayley from Paramore,4247356,yelyahwilliams,459
د. طارق السويدان,4242371,TareqAlSuwaidan,460
YouTube Trends,4238487,YouTubeTrends,461
Jamie Foxx,4238456,iamjamiefoxx,462
Iker Casillas,4232733,CasillasWorld,463
Jordin Sparks,4232055,JordinSparks,464
Los Angeles Lakers,4222469,Lakers,465
Hugo Chávez Frías,4218223,chavezcandanga,466
DON OMAR,4216856,DONOMAR,467
MLB,4197050,MLB,468
有吉弘行,4195604,ariyoshihiroiki,469
9GAG,4194114,9GAG,470
Noah Everett,4180963,noaheverett,471
Sonakshi Sinha,4180012,sonakshisinha,472
Disney,4175034,Disney,473
WIRED,4174591,WIRED,474
Wisin Y Yandel,4173294,wisinyyandel,475
GloriaTrevi,4170943,GloriaTrevi,476
Washington Post,4155397,washingtonpost,477
Funny Tweets™,4148683,Lmao,478
Fenerbahçe SK,4134016,Fenerbahce,479
Preta Gil,4128612,PretaGil,480
Dr Bassem Youssef,4127824,DrBassemYoussef,481
Noel Schajris,4120614,NoelSchajris,482
Yeng Constantino,4119577,YengPLUGGEDin,483
Hulya Avsar,4112479,hulyavsar,484
NTV,4106735,ntv,485
KC Concepcion,4103666,kc_concepcion,486
iCarly,4098369,iCarly,487
zach galifianakis,4095455,galifianakisz,488
üSKRILLEXü,4076440,Skrillex,489
TOM CAVALCANTE,4076125,TomCavalcante1,490
Wale Folarin,4074572,Wale,491
Aleks Syntek,4073185,syntekoficial,492
Ozzy Osbourne,4071957,OzzyOsbourne,493
Chino y Nacho,4070970,ChinoyNacho,494
Intel,4070123,intel,495
Liverpool FC,4069481,LFC,496
Lord Sugar,4060976,Lord_Sugar,497
Sarcasm - That's Sarcasm,4058229,ThatsSarcasm,498
Bill Cosby,4055621,BillCosby,499
Parineeti Chopra,4053583,ParineetiChopra,500
Luke Bryan,4052425,LukeBryanOnline,501
Yuya,4048309,yuyacst,502
RainnWilson,4035283,rainnwilson,503
Times of India,4022869,timesofindia,504
Michel Teló,4022425,micheltelo,505
ABC News,4019450,ABC,506
Meek Mill,4012925,MeekMill,507
G-DRAGON,4005467,IBGDRGN,508
EL PAIS,3999102,el_pais,509
Arvind Kejriwal,3998946,ArvindKejriwal,510
Novak Djokovic,3990355,DjokerNole,511
Marcelo Vieira,3977404,MarceloM12,512
Kelly Osbourne,3977059,KellyOsbourne,513
Victor Valdes,3961189,1victorvaldes,514
Disney•Pixar,3958000,DisneyPixar,515
Luis Manzano,3951544,luckymanzano,516
Dropbox,3949607,Dropbox,517
Steve Carell,3949497,SteveCarell,518
Keri Hilson,3942642,KeriHilson,519
Polo Polo,3939933,polo_polo,520
Whole Foods Market,3939306,WholeFoods,521
Nelly_Mo,3924638,Nelly_Mo,522
Gary Barlow,3912529,GaryBarlow,523
INDRA BEKTI,3910359,indrabektiasli,524
PSY,3903906,psy_oppa,525
Chris Paul,3902605,CP3,526
Randy Orton,3901422,RandyOrton,527
الشيخ صالح المغام,3895006,SalehAlmoghamsy,528
John Cleese,3889673,JohnCleese,529
Bianca Gonzalez,3888651,iamsuperbianca,530
Tyler Perry,3880841,tylerperry,531
MBC1,3880798,mbc1tweets,532
MTV News,3870034,MTVNews,533
Tony Hawk,3866140,tonyhawk,534
Cristine Reyes,3864669,_CristineReyes_,535
Kevin Spacey,3864289,KevinSpacey,536
yordi rosado,3861193,YordiRosado,537
Andrea Legarreta,3848410,AndreaLegarreta,538
United Nations,3845911,UN,539
Scooter Braun,3845420,scooterbraun,540
Tyler Oakley,3843451,tyleroakley,541
Lance Armstrong,3841643,lancearmstrong,542
Julieta Venegas,3840810,julietav,543
dahSyat,3837086,dahSyatMusik,544
Mindy Kaling,3834176,mindykaling,545
Louis C.K.,3832769,louisck,546
DΞΒΒΥ RΥΛΝ,3832560,DebbyRyan,547
Gading Marten,3817918,gadiiing,548
John Green,3814214,johngreen,549
Lucero,3812976,LuceroMexico,550
BBC News (UK),3805723,BBCNews,551
Facundo,3804194,facufacundo,552
Robert Downey Jr,3797260,RobertDowneyJr,553
angelica huck,3784296,angelicaksy,554
Willy,3770574,OfficialWillow,555
Wyclef Jean,3762839,wyclef,556
Nickelodeon,3761134,NickelodeonTV,557
Jenna Mourey/Marbles,3747525,Jenna_Marbles,558
HH Sheikh Mohammed,3745607,HHShkMohd,559
Anna Kendrick,3740082,AnnaKendrick47,560
Green Day,3740063,GreenDay,561
Al Yankovic,3737671,alyankovic,562
Pau Chaves,3728830,paulitachaves,563
amanda bynes,3726264,amandabynes,564
Burberry,3723828,Burberry,565
Diego Torres,3711338,diegotorres,566
Jennifer Hudson,3700488,IAMJHUD,567
Reflexiones [1],3697973,MasQuePalabras,568
Dr. Mehmet Oz,3695742,DrOz,569
Twitter Support,3690509,Support,570
Laughing,3679683,ComedyTruth,571
Enrique Peña Nieto,3678857,EPN,572
Gary Lineker,3675872,GaryLineker,573
EL TIEMPO,3674365,ELTIEMPO,574
UNICEF,3674245,UNICEF,575
JWOWW,3671222,JENNIWOWW,576
Big Time Rush,3667487,bigtimerush,577
Juan Manuel Santos,3667043,JuanManSantos,578
Funny Tweets,3655801,autocorrects,579
Maite Perroni B,3647853,MaiteOficial,580
Relationship ❤️,3645009,RELATlONSHlP,581
Mahendra Singh Dhoni,3643372,msdhoni,582
Adam Schefter,3641225,AdamSchefter,583
Emily Osment,3640882,EmilyOsment,584
Le Monde,3640707,lemondefr,585
Álvaro Uribe Vélez,3637724,AlvaroUribeVel,586
kesha,3636807,KeshaRose,587
Sıla Gençoğlu,3635647,silagencoglu,588
Frases De La Vida - Dominican Republic,3635610,LaVidaEnLetras,589
Jim Jones,3635097,jimjonescapo,590
Cristina Kirchner,3627908,CFKArgentina,591
Sarcasmos!,3622354,FraseDeSarcasmo,592
PARAMORE,3622106,paramore,593
SEAN KINGSTON ©,3620463,SeanKingston,594
Álvaro Arbeloa,3618125,aarbeloa17,595
NDTV,3617215,ndtv,596
Portal R7.com,3614535,portalR7,597
Eden hazard,3613799,hazardeden10,598
Usain St. Leo Bolt,3613747,usainbolt,599
Joel McHale,3611050,joelmchale,600
Rania Al Abdullah,3609978,QueenRania,601
Julia Montes,3607226,montesjulia,602
Rob Dyrdek,3606247,robdyrdek,603
Kevin Aprilio,3604613,apriliokevin,604
CBS News,3601337,CBSNews,605
Chad Johnson,3592315,ochocinco,606
The Voice,3585933,NBCTheVoice,607
The Notebook [1],3584541,BestTextMsgs,608
Oddly Satisfying,3575543,Funny_Truth,609
Gülben Ergen Çelik,3570937,gulbenergen,610
Miranda Kerr,3569488,MirandaKerr,611
Vijay Mallya,3569138,TheVijayMallya,612
Sandra Dewi,3566654,SandraDewi88,613
Tulisa Contostavlos,3558279,officialtulisa,614
Eddie Izzard,3554093,eddieizzard,615
Eleanor Calder,3553408,EleanorJCalder,616
Jaime Camil,3543814,jaimecamil,617
Paul Wesley,3525094,paulwesley,618
Yılmaz Erdoğan,3524518,yilmazerdogan,619
Entertainment Weekly,3524262,EW,620
Lost In History,3520327,ThislsAmazing,621
Sky Sports News HQ,3519672,SkySportsNewsHQ,622
Chris Moyles,3518818,ChrisMoyles,623
Riteish Deshmukh,3518766,Riteishd,624
App Store,3518419,AppStore,625
アシュトン A S H T O N,3509122,Ashton5SOS,626
Daniel Padilla,3507298,imdanielpadilla,627
Jake T. Austin,3506031,JakeTAustin,628
Bipasha Basu,3503173,bipsluvurself,629
Дмитрий Медведев,3502100,MedvedevRussia,630
Luis Chataing,3501769,LuisChataing,631
Joseph Gordon-Levitt,3499861,hitRECordJoe,632
خبر عاجل,3498162,3ajel_news,633
Preity zinta,3487977,realpreityzinta,634
Alejandro Fernandez,3487207,alexoficial,635
SHILPA SHETTY,3486683,TheShilpaShetty,636
Mario Balotelli,3485373,FinallyMario,637
MC HAMMER,3485337,MCHammer,638
Virender Sehwag,3484305,virendersehwag,639
Shreya Ghoshal,3479165,shreyaghoshal,640
Belinda,3477125,belindapop,641
Top Tweets,3471976,toptweets,642
Josh Devine,3470286,JoshDevineDrums,643
Adela Micha,3468940,Adela_Micha,644
Franco De Vita,3468390,FrancoDVita,645
Felipe Neto,3467740,felipeneto,646
Russell Simmons,3467708,UncleRUSH,647
Globovisión,3467681,globovision,648
Dolly Parton,3467246,DollyParton,649
Sam Milby,3465049,samuelmilby,650
Ashley Benson,3464359,AshBenzo,651
Laura G,3458063,LAURAGII,652
Fergie,3452697,Fergie,653
Jorge & Mateus,3445614,jorgeemateus,654
Perfect Boyfriend,3444789,WhennBoys,655
juliaperez,3444161,juliaperrez,656
Travie McCoy,3440032,TravieMcCoy,657
FREDDY,3438979,FreddyAmazin,658
Nani,3437798,luisnani,659
هاشتاق السعودية,3434846,HashKSA,660
IyaVillaniaArellano,3434254,iyavillania,661
Cyprien,3431387,MonsieurDream,662
Madhuri Dixit-Nene,3431097,MadhuriDixit,663
Tiësto,3428908,tiesto,664
Pensamientos,3424267,FraseSimple,665
Leopoldo López,3423689,leopoldolopez,666
Phillip Schofield,3420275,Schofe,667
Bill Simmons,3416906,BillSimmons,668
NPR News,3415889,nprnews,669
Syahrini,3414328,PrincesSyahrini,670
Danny DeVito,3414149,DannyDeVito,671
Life Facts,3413084,LifeFacts,672
Paul Pierce,3404947,paulpierce34,673
PEPATAHKU™,3403675,PEPATAHKU,674
Giuliana Rancic,3399188,GiulianaRancic,675
Gad Elmaleh,3395800,gadelmaleh,676
El Universal,3394632,ElUniversal,677
ariefmuhammad,3389529,Poconggg,678
Kompas.com,3387188,kompascom,679
Sony,3383827,Sony,680
Fonseca,3374045,Fonseca,681
Men's Humor,3369463,MensHumor,682
Lauren Conrad,3363534,LaurenConrad,683
The Guardian,3361394,guardian,684
Pedro Rodríguez,3358988,_Pedro17_,685
Murat Boz,3356799,MuratBoz,686
Jason Derulo,3355262,jasonderulo,687
Felipe Calderón,3354532,FelipeCalderon,688
FIFAWorldCup,3352484,FIFAWorldCup,689
Neil deGrasse Tyson,3345205,neiltyson,690
Nelly Furtado,3344478,NellyFurtado,691
Reflexiones [2],3343274,SoloReflexiones,692
BBC Sport,3342732,BBCSport,693
Nike.com,3340848,nikestore,694
CNN International,3334130,cnni,695
Fe Paes Leme,3333947,FePaesLeme,696
Ana Maria Braga,3333826,ana_maria_braga,697
DJ KING ASSASSIN,3333529,DjKingAssassin,698
Snaptu,3333155,snaptu,699
The Walking Dead AMC,3330610,WalkingDead_AMC,700
Mano Menezes,3326126,manomenezes,701
Wesley Sneijder,3326096,sneijder101010,702
Dilma Rousseff,3326073,dilmabr,703
Pattie Mallette,3319096,pattiemallette,704
Questlove Gomez,3318786,questlove,705
Lorde,3316836,lordemusic,706
Peter Andre,3312802,MrPeterAndre,707
Sony Pictures Teens,3300906,SonyPics_4Teens,708
Joyce Meyer,3294216,JoyceMeyer,709
The Daily Show,3294013,TheDailyShow,710
Disney Words,3288039,disneywords,711
It's A Love Thing ♡,3279977,ohteenquotes,712
Vinny Guadagnino,3273286,VINNYGUADAGNINO,713
Jack Whitehall,3271703,jackwhitehall,714
JORGE RIAL,3270539,rialjorge,715
Twitter Mobile,3268256,twittermobile,716
Nikki Gil,3259312,nikkigil,717
The boys who ♡,3257136,TheseDamnQuote,718
Discovery,3255586,Discovery,719
David Silva,3253973,21LVA,720
Joel Osteen,3253809,JoelOsteen,721
The Big Bang Theory,3251802,BigBang_CBS,722
LA LA,3246970,lala,723
Sarcasm - The Funny Teens,3235840,TheFunnyTeens,724
Debo Confesar Que,3231534,DeboConfesarQue,725
Arnold,3223931,Schwarzenegger,726
Busta Rhymes,3219018,BustaRhymes,727
Pete Wentz,3217009,petewentz,728
TextsFromLastNight,3207702,TFLN,729
NHL,3207241,NHL,730
Taraji P. Henson,3206532,TherealTaraji,731
Valentino Rossi,3206319,ValeYellow46,732
3.2 M أكبر حساب صور,3204896,Amazinggimages,733
Electronic Arts,3203571,EA,734
Sara Bareilles,3202312,SaraBareilles,735
Espinoza Paz,3201664,EspinozaOficial,736
Erika de la Vega,3201266,ErikaDLV,737
Brad Paisley,3196671,BradPaisley,738
Drake Bell,3190063,DrakeBell,739
Slash,3187954,Slash,740
هاشتاق العرب,3186700,TheArabHash,741
kim atienza,3185350,kuyakim_atienza,742
Vision Implementer,3180778,Tyrese,743
Mohamed ElBaradei,3176550,ElBaradei,744
Gemma Styles,3176409,GemmaAnneStyles,745
Mustafa Ceceli,3174740,mustafaceceli,746
Pedro Alfonso,3172918,pedroalfonsoo,747
VJ Daniel Mananta,3170477,vjdaniel,748
ELLE Magazine (US),3168804,ELLEmagazine,749
Dr Drew,3156375,drdrew,750
Words,3156343,funnyortruth,751
Bill Clinton,3155742,billclinton,752
Gustavo Cerati,3146624,cerati,753
الاكثر تاثيرا,3144904,ArabicBest,754
Joey Essex,3144821,JoeyEssex_,755
ithinkthatway,3134300,ithinkthatway,756
Logan Henderson,3131760,1LoganHenderson,757
Danielle Peazer,3130493,DaniellePeazer,758
Yesung,3127867,shfly3424,759
Rachel Maddow MSNBC,3127413,maddow,760
TRANS TV,3123052,TRANSTV_CORP,761
Pedro Bial,3120831,PBiaL,762
Mr. Carter,3120294,S_C_,763
Typical Girl [1],3118694,damnitstrue,764
Relatable Quotes,3116323,RelatableQuote,765
Fabolous,3115161,myfabolouslife,766
deadmau5,3110226,deadmau5,767
Emma Roberts,3110063,RobertsEmma,768
Hood Billionaire,3109699,rickyrozay,769
brazuca,3107288,brazuca,770
Jamel Debbouze,3104381,DebbouzeJamel,771
Bruno Gagliasso,3102882,brunogagliasso,772
Camila (Oficial),3100196,CamilaMX,773
James Maslow,3099635,jamesmaslow,774
Tito El Bambino,3098052,Tbambino,775
Janet Jackson,3097649,JanetJackson,776
Vevo,3097299,Vevo,777
TMZ,3096961,TMZ,778
Ajay Devgn,3087086,ajaydevgn,779
michael owen,3086411,themichaelowen,780
ZonaTown™,3082636,ZonaTown,781
Un Enamorado.,3081479,AristoteIes,782
Andres Lopez Forero,3079448,lopezandres,783
Dane Cook,3077544,DaneCook,784
Zoë,3067850,ZozeeBo,785
Selección Nacional,3064464,miseleccionmx,786
Sarcasm!,3062320,FunnySayings,787
Angel Rivera,3054576,Angelluisr,788
Dana White,3052500,danawhite,789
Shad Moss(CSI CYBER),3042250,smoss,790
Suresh Raina,3041431,ImRaina,791
Tracy Morgan,3040800,RealTracyMorgan,792
Keith Lemon,3037890,lemontwittor,793
John Bishop,3037743,JohnBishop100,794
David Henrie,3036526,DavidHenrie,795
UK Prime Minister,3034017,Number10gov,796
Paula Fernandes,3032582,PaulaFernandes7,797
Martha Stewart,3028433,MarthaStewart,798
الوليد بن طلال,3028304,Alwaleed_Talal,799
きゃりーぱみゅぱみゅ,3028123,pamyurin,800
Signos,3027551,SignosFodas,801
TRANS7,3027221,TRANS7,802
Stories in Boxes,3015016,TheWeirdWorld,803
Reggie Bush,3010396,ReggieBush,804
Pau Gasol,3006201,paugasol,805
بتال القوس,3005296,battalalgoos,806
Andrea Serna,3001989,AndreaSernaRCN,807
Sarcasm - Comedy Posts,2986273,ComedyPosts,808
InStyle,2984952,InStyle,809
Nathan Fillion,2984238,NathanFillion,810
Dylan O'Brien,2970168,dylanobrien,811
숮이,2970015,missA_suzy,812
THE X FACTOR (USA),2967290,TheXFactorUSA,813
yuvraj singh,2964949,YUVSTRONG12,814
Olympics,2964799,Olympics,815
Bill Maher,2959434,billmaher,816
Blake Griffin,2958251,blakegriffin32,817
JACKY BRACAMONTES,2954788,jackybrv,818
echofon,2954663,echofon,819
Miami HEAT,2952100,MiamiHEAT,820
นิชคุณ Buck หร��,2948096,Khunnie0624,821
Hillary Clinton,2947672,HillaryClinton,822
Andy Murray,2942935,andy_murray,823
Tity Boi (2 Chainz),2941357,2chainz,824
Lee Teuk,2933700,special1004,825
COMMON,2932787,common,826
Joseph Barton,2921489,Joey7Barton,827
michelle keegan,2914408,michkeegan,828
MTV España,2909938,mtvspain,829
E! News,2909247,ENews,830
El Nacional,2907308,ElNacionalWeb,831
brozo xmiswebs,2907128,brozoxmiswebs,832
Coca-Cola,2903770,CocaCola,833
GLEE,2897412,GLEEonFOX,834
THiaguinho,2882105,thiaguinhocomth,835
Heidi Klum,2876512,heidiklum,836
Jimmy Eat World,2875553,jimmyeatworld,837
can u not,2874709,lnsaneTweets,838
Jack,2872390,jack,839
Ryeowook,2870050,ryeong9,840
Twitter API,2864254,twitterapi,841
Tim Tebow,2863118,TimTebow,842
Josh Hutcherson,2857654,jhutch1992,843
Justin,2852637,shitmydadsays,844
Shashi Tharoor,2848138,ShashiTharoor,845
Hande Yener,2847100,handeyener,846
Ashlee Simpson Ross,2842611,ashleesimpson,847
Manu Ginobili,2832698,manuginobili,848
Connor Franta,2827354,ConnorFranta,849
✿ Life Post ✿,2826771,ItsLifeFact,850
Sky Sports,2826008,SkySports,851
Smosh,2824649,smosh,852
Caio Castro,2824369,CaioCastanheira,853
J BALVIN,2824060,JBALVIN,854
Pepsi™,2823518,pepsi,855
Matthew Espinosa,2809774,TheMattEspinosa,856
Genelia Deshmukh,2807428,geneliad,857
Eun Hyuk,2803981,AllRiseSilver,858
Wil Wheaton,2803771,wilw,859
Donald J. Trump,2799369,realDonaldTrump,860
Alyssa Milano,2798238,Alyssa_Milano,861
Mark Cuban,2796034,mcuban,862
GMA News,2794399,gmanews,863
Pearl Jam,2794183,PearlJam,864
Zappos.com CEO -Tony,2783669,tonyhsieh,865
Sertab Erener,2781996,sertaberener,866
Shawn Mendes,2778720,ShawnMendes,867
Jornal O Globo,2778413,JornalOGlobo,868
Leigh Francis,2776449,LeighFrancis,869
Seth Meyers,2774987,sethmeyers,870
BoA,2773255,BoAkwon,871
Juliana Paes,2772242,jupaesoficial,872
Susana Gimenez,2772034,Su_Gimenez,873
NOAH,2769625,NOAH_ID,874
Lea Salonga,2768141,MsLeaSalonga,875
McDonald's,2767277,McDonalds,876
deborah secco,2758644,dedesecco,877
KevinSmith,2755706,ThatKevinSmith,878
Al Gore,2750083,algore,879
Roger Federer,2741575,rogerfederer,880
TODAY,2739655,TODAYshow,881
Felipe Andreoli,2737668,andreolifelipe,882
Mark Wright,2736560,MarkWright_,883
SportsNation,2734817,SportsNation,884
Jerry Seinfeld,2734382,JerrySeinfeld,885
Firefox,2727232,firefox,886
Caracol Televisión,2725498,CaracolTV,887
Financial Times,2724986,FinancialTimes,888
Shawn Michaels,2723756,ShawnMichaels,889
Ansel Elgort,2722845,AnselElgort,890
Joko Widodo,2721996,jokowi_do2,891
Great Minds Quotes,2721863,GreatestQuotes,892
Folha de S.Paulo,2721439,folha,893
Metallica,2719473,Metallica,894
ROLA,2718148,RolaWorLD,895
Kemal Kılıçdaroğlu,2713153,kilicdarogluk,896
Gabrielle Union,2712302,itsgabrielleu,897
MARLEY - ALE WIEBE,2710154,marley_ok,898
Steve Harvey Nation,2709231,IAmSteveHarvey,899
Gary Neville,2707976,GNev2,900
Nil Karaibrahimgil,2707800,Niltakipte,901
Mark Hoppus,2707577,markhoppus,902
Oscar Filho,2706306,OscarFilho,903
Михаил Галустян,2705826,M_Galustyan,904
Jason_Aldean,2704167,Jason_Aldean,905
Manuel Neuer,2696842,Manuel_Neuer,906
Google Maps,2694110,googlemaps,907
The Killers,2692833,thekillers,908
Joseph S Blatter,2683930,SeppBlatter,909
Fanny Lu,2679177,Fanny_Lu,910
Macklemore,2669850,macklemore,911
Lewis Hamilton,2669321,LewisHamilton,912
Deddy Mahendra Desta,2666612,desta80s,913
Victorious,2659328,Victorious,914
Pretty Little Liars,2657287,ABCFpll,915
Michael Kors,2651396,MichaelKors,916
Giovanna Antonelli,2651234,gio_antonelli,917
Missy Elliott,2647348,MissyElliott,918
Alfredo Flores,2646577,AlfredoFlores,919
NRJ,2645634,NRJhitmusiconly,920
The Beatles,2640754,thebeatles,921
carolina dieckmann,2638809,cadieckmann,922
globoesporte.com,2633475,globoesportecom,923
WWD,2630926,wwd,924
Mike Epps,2628240,TheRealMikeEpps,925
عمر آل ملحم,2625520,Omar_Almulhem,926
Georgina Wilson,2625068,ilovegeorgina,927
Carlos PenaVega,2623847,TheCarlosPena,928
ريال مدريد,2623371,realmadridarab,929
DavidKWilliams,2618588,DavidKWilliams,930
Lali Esposito,2615758,laliespos,931
Health magazine,2614763,goodhealth,932
Pitchfork,2613361,pitchfork,933
Bruna Marquezine,2612869,BruMarquezine,934
Kendra Wilkinson,2607040,KendraWilkinson,935
High School Problems,2605649,ComedyOrTruth,936
Maria Gadú,2605619,mariagadu,937
CBF Futebol,2605496,CBF_Futebol,938
Tarkan,2604706,tarkan,939
Tom Daley,2602781,TomDaley1994,940
Shay Mitchell,2601435,shaymitch,941
✧Xstrology™,2597873,XSTROLOGY,942
Elizabeth Gillies,2597061,LizGillies,943
Good Morning America,2593630,GMA,944
Female Struggles,2592822,comedyandtruth,945
вяαи∂у,2591986,4everBrandy,946
Rossa Roslaina,2590693,mynameisrossa,947
EA SPORTS FIFA,2583600,EASPORTSFIFA,948
Ryan Sheckler,2579839,RyanSheckler,949
Lisa Surihani,2579679,LisaSurihani,950
william levy,2578848,willylevy29,951
AddThis,2577246,addthis,952
Food Network,2575453,FoodNetwork,953
Tony Robbins,2569082,TonyRobbins,954
Últimas Noticias,2562721,UNoticias,955
Craque Neto 10,2560622,10neto,956
Javier Alatorre,2559508,Javier_Alatorre,957
Newsweek,2556793,Newsweek,958
Erin Andrews,2549832,ErinAndrews,959
Brooke Burke-Charvet,2549322,brookeburke,960
Yalın,2547326,YALINonline,961
Larry King,2546459,kingsthings,962
So Damn Relatable!,2545152,reIatable,963
Matt Pokora,2542689,MPOFFICIAL,964
Greyson Chance,2541491,greysonchance,965
Chris Hardwick,2541422,nerdist,966
Thiago Alcantara,2540404,Thiago6,967
Jeremy Piven,2540291,jeremypiven,968
Dermot O'Leary,2540023,radioleary,969
Frases De La Vida - Mexico,2538643,FilosofiaTipica,970
Kenan Doğulu,2537007,kenandogulu,971
Mandy Moore,2534013,TheMandyMoore,972
Ashley Cole,2527690,TheRealAC3,973
Samir Nasri Official,2524855,SamNasri19,974
Chris Colfer,2521104,chriscolfer,975
سلمان بن عبدالعزي,2519323,KingSalman,976
WikiLeaks,2518743,wikileaks,977
Fill Werrell,2515635,FillWerrell,978
Etsy,2515016,Etsy,979
Earvin Magic Johnson,2513325,MagicJohnson,980
Cher,2509907,cher,981
Estadao,2508853,Estadao,982
Denise Richards,2505350,DENISE_RICHARDS,983
Gisele Bündchen,2504900,giseleofficial,984
Noynoy Aquino,2503008,noynoyaquino,985
Jason Segel,2502092,jasonsegel,986
Santiago Segura,2500267,SSantiagosegura,987
TweetDeck,2498793,TweetDeck,988
ABS-CBN News,2498052,ABSCBNNews,989
Troye Sivan,2493519,troyesivan,990
Walt Disney Pictures,2492854,DisneyPictures,991
María Corina Machado,2488952,MariaCorinaYA,992
Nicolas Vazquez,2488236,vazqueznico,993
Axel,2487649,AxelOficial,994
Lukas-Podolski.com,2483966,Podolski10,995
Caspar Lee,2477538,Caspar_Lee,996
Humor y Chistes,2469666,TWICHISTE,997
Carolina Cruz Osorio,2464900,carocruzosorio,998
AC Milan,2454434,acmilan,999
Shane Dawson,2452979,shanedawson,1000

